{
  "button1": {
    "container": "container3",
    "subcontainer": "bec09",
    "row": 4.4,
    "col": 5,
    "height": 1,
    "width": 2,
    "stackPosition": {
      "object": {
        "ordinal": 1,
        "widthType": "fixed",
        "width": 0,
        "height": 0
      }
    }
  },
  "button2": {
    "container": "container1",
    "subcontainer": "8cf43",
    "row": 1.4,
    "height": 1,
    "width": 4,
    "stackPosition": {
      "object": {
        "ordinal": 5,
        "widthType": "fixed",
        "width": 0,
        "height": 0
      }
    }
  },
  "button3": {
    "container": "form4",
    "rowGroup": "footer",
    "row": 0.2,
    "height": 1,
    "width": 4
  },
  "button4": {
    "container": "linkCard1",
    "subcontainer": "d9a0e",
    "row": 3.8,
    "col": 8,
    "height": 1,
    "width": 4,
    "stackPosition": {
      "object": {
        "ordinal": 7,
        "widthType": "fixed",
        "width": 0,
        "height": 0
      }
    }
  },
  "button5": {
    "container": "form4",
    "rowGroup": "footer",
    "row": 2,
    "col": 4,
    "height": 1,
    "width": 4
  },
  "container1": {
    "row": 2.4,
    "col": 2,
    "height": 11.8,
    "width": 8,
    "stackPosition": {
      "object": {
        "ordinal": 0,
        "widthType": "fixed",
        "width": 0,
        "height": 0
      }
    }
  },
  "container2": {
    "row": 0.8,
    "col": 1,
    "height": 22.8,
    "width": 10,
    "stackPosition": {
      "object": {
        "ordinal": 0,
        "widthType": "fixed",
        "width": 0,
        "height": 0
      }
    }
  },
  "container3": {
    "row": 6.4,
    "col": 2,
    "height": 7.8,
    "width": 7,
    "stackPosition": {
      "object": {
        "ordinal": 0,
        "widthType": "fixed",
        "width": 0,
        "height": 0
      }
    }
  },
  "container4": {
    "row": 2.2,
    "col": 2,
    "height": 0.2,
    "width": 8,
    "stackPosition": {
      "object": {
        "ordinal": 0,
        "widthType": "fixed",
        "width": 0,
        "height": 0
      }
    }
  },
  "container5": {
    "row": 1.8,
    "height": 16.6,
    "width": 12,
    "stackPosition": {
      "object": {
        "ordinal": 0,
        "widthType": "fixed",
        "width": 0,
        "height": 0
      }
    }
  },
  "containerTitle1": {
    "container": "container1",
    "rowGroup": "header",
    "height": 0.6,
    "width": 12
  },
  "containerTitle2": {
    "container": "container2",
    "rowGroup": "header",
    "height": 0.6,
    "width": 12
  },
  "containerTitle3": {
    "container": "container3",
    "rowGroup": "header",
    "height": 0.6,
    "width": 12
  },
  "containerTitle4": {
    "container": "container4",
    "rowGroup": "header",
    "height": 0.6,
    "width": 12
  },
  "containerTitle5": {
    "container": "container5",
    "rowGroup": "header",
    "height": 0.6,
    "width": 12
  },
  "date5": {
    "container": "form3",
    "height": 0.2,
    "width": 12
  },
  "date6": {
    "container": "form3",
    "row": 6,
    "height": 0.2,
    "width": 12
  },
  "date7": {
    "container": "form4",
    "row": 2,
    "height": 0.2,
    "width": 12
  },
  "form3": {
    "row": 4.2,
    "col": 2,
    "height": 16.4,
    "width": 7,
    "stackPosition": {
      "object": {
        "ordinal": 0,
        "widthType": "fixed",
        "width": 0,
        "height": 0
      }
    }
  },
  "form4": {
    "row": 4.4,
    "col": 3,
    "height": 16,
    "width": 6,
    "stackPosition": {
      "object": {
        "ordinal": 0,
        "widthType": "fixed",
        "width": 0,
        "height": 0
      }
    }
  },
  "formButton3": {
    "container": "form3",
    "rowGroup": "footer",
    "col": 8,
    "height": 1,
    "width": 4
  },
  "formButton4": {
    "container": "form4",
    "rowGroup": "footer",
    "col": 8,
    "height": 1,
    "width": 4
  },
  "formTitle3": {
    "container": "form3",
    "rowGroup": "header",
    "height": 0.6,
    "width": 12
  },
  "formTitle4": {
    "container": "form4",
    "rowGroup": "header",
    "height": 0.6,
    "width": 12
  },
  "html1": {
    "container": "container2",
    "subcontainer": "bec09",
    "height": 0.2,
    "width": 12
  },
  "icon1": {
    "container": "linkCard1",
    "subcontainer": "d9a0e",
    "height": 1,
    "width": 2,
    "stackPosition": {
      "object": {
        "ordinal": 0,
        "widthType": "fixed",
        "width": 0,
        "height": 0
      }
    }
  },
  "image1": {
    "container": "container1",
    "subcontainer": "8cf43",
    "row": 0.6,
    "col": 7,
    "height": 6.8,
    "width": 4,
    "stackPosition": {
      "object": {
        "ordinal": 2,
        "widthType": "fixed",
        "width": 0,
        "height": 0
      }
    }
  },
  "linkCard1": {
    "container": "container4",
    "subcontainer": "aac6f",
    "height": 0.2,
    "width": 12,
    "stackPosition": {
      "object": {
        "ordinal": 0,
        "widthType": "fixed",
        "width": 0,
        "height": 0
      }
    }
  },
  "numberInput2": {
    "container": "form4",
    "height": 0.2,
    "width": 12
  },
  "numberInput3": {
    "container": "container1",
    "subcontainer": "8cf43",
    "row": 8,
    "col": 7,
    "height": 0.2,
    "stackPosition": {
      "object": {
        "ordinal": 1,
        "widthType": "fixed",
        "width": 0,
        "height": 0
      }
    }
  },
  "select1": {
    "container": "container1",
    "subcontainer": "8cf43",
    "height": 0.2,
    "width": 4,
    "stackPosition": {
      "object": {
        "ordinal": 0,
        "widthType": "fixed",
        "width": 0,
        "height": 0
      }
    }
  },
  "spacer1": {
    "container": "linkCard1",
    "subcontainer": "d9a0e",
    "row": 1,
    "height": 0.2,
    "width": 12,
    "stackPosition": {
      "object": {
        "ordinal": 5,
        "widthType": "fixed",
        "width": 0,
        "height": 0
      }
    }
  },
  "spacer2": {
    "container": "linkCard1",
    "subcontainer": "d9a0e",
    "row": 4.8,
    "height": 0.2,
    "width": 12,
    "stackPosition": {
      "object": {
        "ordinal": 6,
        "widthType": "fixed",
        "width": 0,
        "height": 0
      }
    }
  },
  "table1": {
    "container": "container5",
    "subcontainer": "f6d27",
    "height": 13.6,
    "width": 12
  },
  "text1": {
    "row": 1.6,
    "col": 8,
    "height": 0.6,
    "width": 1,
    "stackPosition": {
      "object": {
        "ordinal": 2,
        "widthType": "fixed",
        "width": 0,
        "height": 0
      }
    }
  },
  "text2": {
    "row": 1.8,
    "col": 8,
    "height": 0.6,
    "width": 1,
    "stackPosition": {
      "object": {
        "ordinal": 2,
        "widthType": "fixed",
        "width": 0,
        "height": 0
      }
    }
  },
  "textArea19": {
    "container": "form3",
    "row": 11,
    "height": 1,
    "width": 12
  },
  "textArea20": {
    "container": "form3",
    "row": 12.2,
    "height": 1,
    "width": 12
  },
  "textArea21": {
    "container": "form4",
    "row": 0.2,
    "height": 1,
    "width": 12
  },
  "textArea22": {
    "container": "form4",
    "row": 0.8,
    "height": 1,
    "width": 12
  },
  "textArea23": {
    "container": "form4",
    "row": 1.4,
    "height": 1,
    "width": 12
  },
  "textArea24": {
    "container": "form4",
    "row": 2.2,
    "height": 1,
    "width": 12
  },
  "textArea25": {
    "container": "form4",
    "row": 2.8,
    "height": 1,
    "width": 12
  },
  "textArea26": {
    "container": "form4",
    "row": 4.4,
    "height": 1,
    "width": 12
  },
  "textArea27": {
    "container": "form4",
    "row": 3.4,
    "height": 1,
    "width": 12
  },
  "textArea29": {
    "container": "form4",
    "row": 4.6,
    "height": 1,
    "width": 12
  },
  "textArea30": {
    "container": "form4",
    "row": 5.2,
    "height": 1,
    "width": 12
  },
  "textArea31": {
    "container": "form4",
    "row": 4.2,
    "height": 1,
    "width": 12
  },
  "textInput1": {
    "container": "container3",
    "subcontainer": "bec09",
    "col": 1,
    "height": 0.2,
    "width": 9,
    "stackPosition": {
      "object": {
        "ordinal": 0,
        "widthType": "fixed",
        "width": 0,
        "height": 0
      }
    }
  },
  "textInput10": {
    "container": "linkCard1",
    "subcontainer": "d9a0e",
    "row": 1.4,
    "height": 0.2,
    "width": 4,
    "stackPosition": {
      "object": {
        "ordinal": 4,
        "widthType": "fixed",
        "width": 0,
        "height": 0
      }
    }
  },
  "textInput11": {
    "container": "linkCard1",
    "subcontainer": "d9a0e",
    "row": 1.4,
    "col": 4,
    "height": 0.2,
    "width": 4,
    "stackPosition": {
      "object": {
        "ordinal": 3,
        "widthType": "fixed",
        "width": 0,
        "height": 0
      }
    }
  },
  "textInput12": {
    "container": "linkCard1",
    "subcontainer": "d9a0e",
    "row": 1.4,
    "col": 8,
    "height": 0.2,
    "width": 4,
    "stackPosition": {
      "object": {
        "ordinal": 2,
        "widthType": "fixed",
        "width": 0,
        "height": 0
      }
    }
  },
  "textInput13": {
    "container": "linkCard1",
    "subcontainer": "d9a0e",
    "row": 1.6,
    "height": 0.2,
    "width": 7,
    "stackPosition": {
      "object": {
        "ordinal": 1,
        "widthType": "fixed",
        "width": 0,
        "height": 0
      }
    }
  },
  "textInput2": {
    "container": "container3",
    "subcontainer": "bec09",
    "row": 2.2,
    "col": 1,
    "height": 0.2,
    "width": 9,
    "stackPosition": {
      "object": {
        "ordinal": 2,
        "widthType": "fixed",
        "width": 0,
        "height": 0
      }
    }
  },
  "textInput3": {
    "container": "container1",
    "subcontainer": "8cf43",
    "row": 0.2,
    "height": 0.2,
    "stackPosition": {
      "object": {
        "ordinal": 4,
        "widthType": "fixed",
        "width": 0,
        "height": 0
      }
    }
  },
  "textInput4": {
    "container": "container1",
    "subcontainer": "8cf43",
    "row": 0.4,
    "height": 0.2,
    "width": 6,
    "stackPosition": {
      "object": {
        "ordinal": 3,
        "widthType": "fixed",
        "width": 0,
        "height": 0
      }
    }
  },
  "textInput5": {
    "container": "form3",
    "row": 0.2,
    "height": 0.2,
    "width": 12
  },
  "textInput6": {
    "container": "form3",
    "row": 0.4,
    "height": 0.2,
    "width": 12
  },
  "textInput7": {
    "container": "form3",
    "row": 0.6,
    "height": 0.2,
    "width": 12
  },
  "textInput8": {
    "container": "form3",
    "row": 6.4,
    "height": 0.2,
    "width": 12
  },
  "textInput9": {
    "container": "form3",
    "row": 6.2,
    "height": 0.2,
    "width": 12
  }
}
