{
  "toolscriptVersion": "1.0.0",
  "version": "43.0.9",
  "pageUuid": "95729752-cda9-11ef-b134-a31332433797",
  "appTemplate": {
    "pageCodeFolders": {
      "object": {
        "loginPage": {
          "array": []
        },
        "page1": {
          "array": []
        },
        "newUserPage": {
          "array": []
        },
        "onBoardingPage": {
          "array": []
        },
        "onBoardingPage2": {
          "array": []
        },
        "editPersonalizePage": {
          "array": []
        },
        "exportPDF": {
          "array": []
        },
        "exportPDFPage": {
          "array": []
        },
        "showAllWorkersListPage": {
          "array": []
        }
      }
    },
    "rootScreen": "loginPage",
    "version": "3.135.0",
    "experimentalDataTabEnabled": true
  }
}
